timestamp,temp,humidity,light,motion,temp_cal,temp_filt,delta_temp,status,valid,dht_fresh,event,ref_temp,pc_time
604.02,30.5,54.4,1.0,0,32.61,32.61,0.0,NORMAL,1,1,0,32.43,17:15:37
605.02,30.5,54.4,1.0,0,32.61,32.61,nan,NORMAL,1,0,0,32.42,17:15:38
606.02,30.5,54.4,1.0,0,32.61,32.61,0.0,NORMAL,1,1,0,32.35,17:15:39
607.02,30.5,54.4,1.0,0,32.61,32.61,nan,NORMAL,1,0,0,32.44,17:15:40
608.02,30.5,54.4,1.0,0,32.61,32.61,0.0,NORMAL,1,1,0,32.41,17:15:41
609.02,30.5,54.4,1.0,0,32.61,32.61,nan,NORMAL,1,0,0,32.4,17:15:42
610.02,30.5,54.4,1.0,0,32.61,32.61,0.0,NORMAL,1,1,0,32.41,17:15:43
611.02,30.5,54.4,1.0,0,32.61,32.61,nan,NORMAL,1,0,0,32.4,17:15:44
612.02,30.5,54.5,1.0,0,32.61,32.61,0.0,NORMAL,1,1,0,32.37,17:15:45
613.02,30.5,54.5,1.0,1,32.61,32.61,nan,MOTION,1,0,1,32.36,17:15:46
614.02,30.5,54.5,1.0,0,32.61,32.61,0.0,NORMAL,1,1,0,32.52,17:15:47
615.02,30.5,54.5,1.0,0,32.61,32.61,nan,NORMAL,1,0,0,32.44,17:15:48
616.02,30.5,54.5,1.0,0,32.61,32.61,0.0,NORMAL,1,1,0,32.38,17:15:49
617.02,30.5,54.5,1.0,0,32.61,32.61,nan,NORMAL,1,0,0,32.34,17:15:50
618.02,30.5,54.5,1.0,0,32.61,32.61,0.0,NORMAL,1,1,0,32.35,17:15:51
619.02,30.5,54.5,1.0,0,32.61,32.61,nan,NORMAL,1,0,0,32.41,17:15:52
620.02,30.5,54.5,1.0,0,32.61,32.61,0.0,NORMAL,1,1,0,32.42,17:15:53
621.02,30.5,54.5,1.0,0,32.61,32.61,nan,NORMAL,1,0,0,32.37,17:15:54
622.02,30.5,54.5,1.0,0,32.61,32.61,0.0,NORMAL,1,1,0,32.36,17:15:55
623.02,30.5,54.5,1.0,0,32.61,32.61,nan,NORMAL,1,0,0,32.34,17:15:56
624.02,30.5,54.5,1.0,0,32.61,32.61,0.0,NORMAL,1,1,0,32.35,17:15:57
625.02,30.5,54.5,1.0,0,32.61,32.61,nan,NORMAL,1,0,0,32.43,17:15:58
626.02,30.5,54.5,1.0,0,32.61,32.61,0.0,NORMAL,1,1,0,32.38,17:15:59
627.02,30.5,54.5,1.0,0,32.61,32.61,nan,NORMAL,1,0,0,32.37,17:16:00
628.02,30.5,54.5,1.0,0,32.61,32.61,0.0,NORMAL,1,1,0,32.35,17:16:01
629.02,30.5,54.5,1.0,0,32.61,32.61,nan,NORMAL,1,0,0,32.39,17:16:02
630.02,30.5,54.5,1.0,0,32.61,32.61,0.0,NORMAL,1,1,0,32.38,17:16:03
631.02,30.5,54.5,1.0,0,32.61,32.61,nan,NORMAL,1,0,0,32.38,17:16:04
632.02,30.5,54.5,1.0,0,32.61,32.61,0.0,NORMAL,1,1,0,32.37,17:16:05
633.02,30.5,54.5,1.0,0,32.61,32.61,nan,NORMAL,1,0,0,32.39,17:16:06
634.02,30.5,54.5,1.0,0,32.61,32.61,0.0,NORMAL,1,1,0,32.34,17:16:07
635.02,30.5,54.5,1.0,0,32.61,32.61,nan,NORMAL,1,0,0,32.39,17:16:08
636.02,30.5,54.5,1.0,0,32.61,32.61,0.0,NORMAL,1,1,0,32.36,17:16:09
637.02,30.5,54.5,1.0,0,32.61,32.61,nan,NORMAL,1,0,0,32.39,17:16:10
638.02,30.5,54.5,1.0,0,32.61,32.61,0.0,NORMAL,1,1,0,32.35,17:16:11
639.02,30.5,54.5,1.0,0,32.61,32.61,nan,NORMAL,1,0,0,32.4,17:16:12
640.02,30.5,54.5,1.0,0,32.61,32.61,0.0,NORMAL,1,1,0,32.42,17:16:13
641.02,30.5,54.5,1.0,0,32.61,32.61,nan,NORMAL,1,0,0,32.36,17:16:14
642.02,30.5,54.5,1.0,0,32.61,32.61,0.0,NORMAL,1,1,0,32.34,17:16:15
643.02,30.5,54.5,1.0,0,32.61,32.61,nan,NORMAL,1,0,0,32.35,17:16:16
644.02,30.5,54.5,1.0,0,32.61,32.61,0.0,NORMAL,1,1,0,32.32,17:16:17
645.02,30.5,54.5,1.0,0,32.61,32.61,nan,NORMAL,1,0,0,32.33,17:16:18
646.02,30.5,54.5,1.0,0,32.61,32.61,0.0,NORMAL,1,1,0,32.37,17:16:19
647.02,30.5,54.5,1.0,0,32.61,32.61,nan,NORMAL,1,0,0,32.35,17:16:20
648.02,30.5,54.5,1.0,0,32.61,32.61,0.0,NORMAL,1,1,0,32.31,17:16:21
649.02,30.5,54.5,1.0,0,32.61,32.61,nan,NORMAL,1,0,0,32.35,17:16:22
650.02,30.5,54.5,1.0,0,32.61,32.61,0.0,NORMAL,1,1,0,32.4,17:16:23
651.02,30.5,54.5,1.0,0,32.61,32.61,nan,NORMAL,1,0,0,32.37,17:16:24
652.02,30.5,54.5,1.0,0,32.61,32.61,0.0,NORMAL,1,1,0,32.27,17:16:25
653.02,30.5,54.5,1.0,0,32.61,32.61,nan,NORMAL,1,0,0,32.29,17:16:26
654.02,30.5,54.5,1.0,0,32.61,32.61,0.0,NORMAL,1,1,0,32.28,17:16:27
655.02,30.5,54.5,1.0,0,32.61,32.61,nan,NORMAL,1,0,0,32.33,17:16:28
656.02,30.5,54.5,1.0,0,32.61,32.61,0.0,NORMAL,1,1,0,32.3,17:16:29
657.02,30.5,54.5,1.0,0,32.61,32.61,nan,NORMAL,1,0,0,32.33,17:16:30
658.02,30.5,54.5,1.0,0,32.61,32.61,0.0,NORMAL,1,1,0,32.26,17:16:31
659.02,30.5,54.5,1.0,0,32.61,32.61,nan,NORMAL,1,0,0,32.33,17:16:32
660.02,30.5,54.5,1.0,0,32.61,32.61,0.0,NORMAL,1,1,0,32.32,17:16:33
661.02,30.5,54.5,1.0,0,32.61,32.61,nan,NORMAL,1,0,0,32.3,17:16:34
662.02,30.4,54.5,1.0,0,32.49,32.58,-0.11,NORMAL,1,1,0,32.37,17:16:35
663.02,30.4,54.5,1.0,0,32.49,32.58,nan,NORMAL,1,0,0,32.3,17:16:36
664.02,30.4,54.5,1.0,0,32.49,32.56,0.0,NORMAL,1,1,0,32.28,17:16:37
665.02,30.4,54.5,1.0,0,32.49,32.56,nan,NORMAL,1,0,0,32.35,17:16:38
666.02,30.4,54.5,1.0,0,32.49,32.54,0.0,NORMAL,1,1,0,32.34,17:16:39
667.02,30.4,54.5,1.0,0,32.49,32.54,nan,NORMAL,1,0,0,32.25,17:16:40
668.02,30.4,54.5,1.0,0,32.49,32.52,0.0,NORMAL,1,1,0,32.33,17:16:41
669.02,30.4,54.5,1.0,0,32.49,32.52,nan,NORMAL,1,0,0,32.31,17:16:42
670.02,30.4,54.5,1.0,0,32.49,32.49,0.0,NORMAL,1,1,0,32.25,17:16:43
671.02,30.4,54.5,1.0,0,32.49,32.49,nan,NORMAL,1,0,0,32.22,17:16:44
672.02,30.4,54.5,1.0,0,32.49,32.49,0.0,NORMAL,1,1,0,32.33,17:16:45
673.02,30.4,54.5,1.0,0,32.49,32.49,nan,NORMAL,1,0,0,32.35,17:16:46
674.02,30.4,54.5,1.0,1,32.49,32.49,0.0,MOTION,1,1,1,32.3,17:16:47
675.02,30.4,54.5,1.0,0,32.49,32.49,nan,NORMAL,1,0,0,32.45,17:16:48
676.02,30.4,54.5,1.0,0,32.49,32.49,0.0,NORMAL,1,1,0,32.34,17:16:49
677.02,30.4,54.5,1.0,0,32.49,32.49,nan,NORMAL,1,0,0,32.3,17:16:50
678.02,30.4,54.5,1.0,0,32.49,32.49,0.0,NORMAL,1,1,0,32.27,17:16:51
679.02,30.4,54.5,1.0,0,32.49,32.49,nan,NORMAL,1,0,0,32.27,17:16:52
680.02,30.4,54.5,1.0,0,32.49,32.49,0.0,NORMAL,1,1,0,32.35,17:16:53
681.02,30.4,54.5,1.0,0,32.49,32.49,nan,NORMAL,1,0,0,32.28,17:16:54
682.02,30.4,54.5,1.0,0,32.49,32.49,0.0,NORMAL,1,1,0,32.28,17:16:55
683.02,30.4,54.5,1.0,0,32.49,32.49,nan,NORMAL,1,0,0,32.33,17:16:56
684.02,30.4,54.5,1.0,0,32.49,32.49,0.0,NORMAL,1,1,0,32.38,17:16:57
685.02,30.4,54.5,1.0,0,32.49,32.49,nan,NORMAL,1,0,0,32.2,17:16:58
686.02,30.4,54.5,1.0,0,32.49,32.49,0.0,NORMAL,1,1,0,32.31,17:16:59
687.02,30.4,54.5,1.0,0,32.49,32.49,nan,NORMAL,1,0,0,32.27,17:17:00
688.02,30.4,54.5,1.0,0,32.49,32.49,0.0,NORMAL,1,1,0,32.28,17:17:01
689.02,30.4,54.5,1.0,0,32.49,32.49,nan,NORMAL,1,0,0,32.33,17:17:02
690.02,30.4,54.5,1.0,0,32.49,32.49,0.0,NORMAL,1,1,0,32.32,17:17:03
691.02,30.4,54.5,1.0,0,32.49,32.49,nan,NORMAL,1,0,0,32.26,17:17:04
692.02,30.4,54.5,1.0,0,32.49,32.49,0.0,NORMAL,1,1,0,32.31,17:17:05
693.02,30.4,54.5,1.0,0,32.49,32.49,nan,NORMAL,1,0,0,32.28,17:17:06
694.02,30.4,54.5,1.0,0,32.49,32.49,0.0,NORMAL,1,1,0,32.27,17:17:07
695.02,30.4,54.5,1.0,0,32.49,32.49,nan,NORMAL,1,0,0,32.34,17:17:08
696.02,30.4,54.5,1.0,0,32.49,32.49,0.0,NORMAL,1,1,0,32.35,17:17:09
697.02,30.4,54.5,1.0,0,32.49,32.49,nan,NORMAL,1,0,0,32.28,17:17:10
698.02,30.4,54.5,1.0,0,32.49,32.49,0.0,NORMAL,1,1,0,32.28,17:17:11
699.02,30.4,54.5,1.0,0,32.49,32.49,nan,NORMAL,1,0,0,32.32,17:17:12
700.02,30.4,54.5,1.0,0,32.49,32.49,0.0,NORMAL,1,1,0,32.31,17:17:13
701.02,30.4,54.5,1.0,0,32.49,32.49,nan,NORMAL,1,0,0,32.26,17:17:14
702.02,30.4,54.5,1.0,0,32.49,32.49,0.0,NORMAL,1,1,0,32.28,17:17:15
703.02,30.4,54.5,1.0,0,32.49,32.49,nan,NORMAL,1,0,0,32.19,17:17:16
704.02,30.4,54.5,1.0,0,32.49,32.49,0.0,NORMAL,1,1,0,32.29,17:17:17
705.02,30.4,54.5,1.0,0,32.49,32.49,nan,NORMAL,1,0,0,32.28,17:17:18
706.02,30.4,54.5,1.0,0,32.49,32.49,0.0,NORMAL,1,1,0,32.34,17:17:19
707.02,30.4,54.5,1.0,0,32.49,32.49,nan,NORMAL,1,0,0,32.24,17:17:20
708.02,30.4,54.5,1.0,0,32.49,32.49,0.0,NORMAL,1,1,0,32.27,17:17:21
709.02,30.4,54.5,1.0,0,32.49,32.49,nan,NORMAL,1,0,0,32.24,17:17:22
710.02,30.4,54.5,1.0,0,32.49,32.49,0.0,NORMAL,1,1,0,32.27,17:17:23
711.02,30.4,54.5,1.0,0,32.49,32.49,nan,NORMAL,1,0,0,32.21,17:17:24
712.02,30.4,54.5,1.0,0,32.49,32.49,0.0,NORMAL,1,1,0,32.27,17:17:25
713.02,30.4,54.5,1.0,0,32.49,32.49,nan,NORMAL,1,0,0,32.21,17:17:26
714.02,30.4,54.5,1.0,0,32.49,32.49,0.0,NORMAL,1,1,0,32.31,17:17:27
715.02,30.4,54.5,1.0,0,32.49,32.49,nan,NORMAL,1,0,0,32.24,17:17:28
716.02,30.4,54.5,1.0,0,32.49,32.49,0.0,NORMAL,1,1,0,32.28,17:17:29
717.02,30.4,54.5,1.0,0,32.49,32.49,nan,NORMAL,1,0,0,32.23,17:17:30
718.02,30.4,54.5,1.0,0,32.49,32.49,0.0,NORMAL,1,1,0,32.22,17:17:31
719.02,30.4,54.5,1.0,0,32.49,32.49,nan,NORMAL,1,0,0,32.28,17:17:32
720.02,30.4,54.5,1.0,0,32.49,32.49,0.0,NORMAL,1,1,0,32.24,17:17:33
721.02,30.4,54.5,1.0,0,32.49,32.49,nan,NORMAL,1,0,0,32.27,17:17:34
722.02,30.4,54.5,1.0,0,32.49,32.49,0.0,NORMAL,1,1,0,32.27,17:17:35
723.02,30.4,54.5,1.0,0,32.49,32.49,nan,NORMAL,1,0,0,32.2,17:17:36
724.02,30.4,54.6,1.0,0,32.49,32.49,0.0,NORMAL,1,1,0,32.27,17:17:37
725.02,30.4,54.6,1.0,0,32.49,32.49,nan,NORMAL,1,0,0,32.32,17:17:38
726.02,30.4,54.6,1.0,0,32.49,32.49,0.0,NORMAL,1,1,0,32.25,17:17:39
727.02,30.4,54.6,1.0,0,32.49,32.49,nan,NORMAL,1,0,0,32.26,17:17:40
728.02,30.4,54.6,1.0,0,32.49,32.49,0.0,NORMAL,1,1,0,32.25,17:17:41
729.02,30.4,54.6,1.0,0,32.49,32.49,nan,NORMAL,1,0,0,32.19,17:17:42
730.02,30.4,54.6,1.0,0,32.49,32.49,0.0,NORMAL,1,1,0,32.24,17:17:43
731.02,30.4,54.6,1.0,0,32.49,32.49,nan,NORMAL,1,0,0,32.32,17:17:44
732.02,30.5,54.6,1.0,0,32.61,32.52,0.11,NORMAL,1,1,0,32.22,17:17:45
733.02,30.5,54.6,1.0,0,32.61,32.52,nan,NORMAL,1,0,0,32.25,17:17:46
734.02,30.4,54.5,1.0,0,32.49,32.52,-0.11,NORMAL,1,1,0,32.24,17:17:47
735.02,30.4,54.5,1.0,0,32.49,32.52,nan,NORMAL,1,0,0,32.16,17:17:48
736.02,30.4,54.5,1.0,0,32.49,32.52,0.0,NORMAL,1,1,0,32.15,17:17:49
737.02,30.4,54.5,1.0,0,32.49,32.52,nan,NORMAL,1,0,0,32.12,17:17:50
738.02,30.4,54.5,1.0,0,32.49,32.52,0.0,NORMAL,1,1,0,32.16,17:17:51
739.02,30.4,54.5,1.0,0,32.49,32.52,nan,NORMAL,1,0,0,32.13,17:17:52
740.02,30.4,54.5,1.0,0,32.49,32.52,0.0,NORMAL,1,1,0,32.07,17:17:53
741.02,30.4,54.5,1.0,0,32.49,32.52,nan,NORMAL,1,0,0,32.07,17:17:54
742.02,30.4,54.5,1.0,0,32.49,32.49,0.0,NORMAL,1,1,0,32.08,17:17:55
743.02,30.4,54.5,1.0,0,32.49,32.49,nan,NORMAL,1,0,0,32.09,17:17:56
744.02,30.4,54.5,1.0,0,32.49,32.49,0.0,NORMAL,1,1,0,32.17,17:17:57
745.02,30.4,54.5,1.0,0,32.49,32.49,nan,NORMAL,1,0,0,32.08,17:17:58
746.02,30.4,54.5,1.0,0,32.49,32.49,0.0,NORMAL,1,1,0,32.15,17:17:59
747.02,30.4,54.5,1.0,0,32.49,32.49,nan,NORMAL,1,0,0,32.16,17:18:00
748.02,30.4,54.5,1.0,0,32.49,32.49,0.0,NORMAL,1,1,0,32.08,17:18:01
749.02,30.4,54.5,1.0,0,32.49,32.49,nan,NORMAL,1,0,0,32.11,17:18:02
750.02,30.4,54.5,1.0,0,32.49,32.49,0.0,NORMAL,1,1,0,32.11,17:18:03
751.02,30.4,54.5,1.0,0,32.49,32.49,nan,NORMAL,1,0,0,32.12,17:18:04
752.02,30.4,54.5,1.0,0,32.49,32.49,0.0,NORMAL,1,1,0,32.1,17:18:05
753.02,30.4,54.5,1.0,0,32.49,32.49,nan,NORMAL,1,0,0,32.07,17:18:06
754.02,30.4,54.5,1.0,0,32.49,32.49,0.0,NORMAL,1,1,0,32.07,17:18:07
755.02,30.4,54.5,1.0,0,32.49,32.49,nan,NORMAL,1,0,0,32.1,17:18:08
756.02,30.5,54.5,1.0,0,32.61,32.52,0.11,NORMAL,1,1,0,32.13,17:18:09
757.02,30.5,54.5,1.0,0,32.61,32.52,nan,NORMAL,1,0,0,32.04,17:18:10
758.02,30.4,54.5,1.0,0,32.49,32.52,-0.11,NORMAL,1,1,0,32.09,17:18:11
759.02,30.4,54.5,1.0,0,32.49,32.52,nan,NORMAL,1,0,0,32.08,17:18:12
760.02,30.4,54.5,1.0,0,32.49,32.52,0.0,NORMAL,1,1,0,32.08,17:18:13
761.02,30.4,54.5,1.0,0,32.49,32.52,nan,NORMAL,1,0,0,32.1,17:18:14
762.02,30.4,54.5,1.0,0,32.49,32.52,0.0,NORMAL,1,1,0,32.06,17:18:15
763.02,30.4,54.5,1.0,0,32.49,32.52,nan,NORMAL,1,0,0,32.04,17:18:16
764.02,30.4,54.5,1.0,0,32.49,32.52,0.0,NORMAL,1,1,0,32.16,17:18:17
765.02,30.4,54.5,1.0,0,32.49,32.52,nan,NORMAL,1,0,0,32.08,17:18:18
766.02,30.4,54.5,1.0,0,32.49,32.49,0.0,NORMAL,1,1,0,32.06,17:18:19
767.02,30.4,54.5,1.0,0,32.49,32.49,nan,NORMAL,1,0,0,32.04,17:18:20
768.02,30.4,54.5,1.0,0,32.49,32.49,0.0,NORMAL,1,1,0,32.12,17:18:21
769.02,30.4,54.5,1.0,0,32.49,32.49,nan,NORMAL,1,0,0,32.13,17:18:22
770.02,30.4,54.5,1.0,0,32.49,32.49,0.0,NORMAL,1,1,0,32.05,17:18:23
771.02,30.4,54.5,1.0,1,32.49,32.49,nan,MOTION,1,0,1,32.07,17:18:24
772.02,30.4,54.5,1.0,0,32.49,32.49,0.0,NORMAL,1,1,0,32.24,17:18:25
773.02,30.4,54.5,1.0,0,32.49,32.49,nan,NORMAL,1,0,0,32.08,17:18:26
774.02,30.4,54.5,1.0,0,32.49,32.49,0.0,NORMAL,1,1,0,32.08,17:18:27
775.02,30.4,54.5,1.0,0,32.49,32.49,nan,NORMAL,1,0,0,32.14,17:18:28
776.02,30.4,54.5,1.0,0,32.49,32.49,0.0,NORMAL,1,1,0,32.08,17:18:29
777.02,30.4,54.5,1.0,0,32.49,32.49,nan,NORMAL,1,0,0,32.11,17:18:30
778.02,30.4,54.5,1.0,0,32.49,32.49,0.0,NORMAL,1,1,0,32.08,17:18:31
779.02,30.4,54.5,1.0,0,32.49,32.49,nan,NORMAL,1,0,0,32.07,17:18:32
780.02,30.5,54.6,1.0,0,32.61,32.52,0.11,NORMAL,1,1,0,32.06,17:18:33
781.02,30.5,54.6,1.0,0,32.61,32.52,nan,NORMAL,1,0,0,32.1,17:18:34
782.02,30.4,54.5,1.0,0,32.49,32.52,-0.11,NORMAL,1,1,0,32.06,17:18:35
783.02,30.4,54.5,1.0,0,32.49,32.52,nan,NORMAL,1,0,0,32.07,17:18:36
784.02,30.4,54.6,1.0,0,32.49,32.52,0.0,NORMAL,1,1,0,32.12,17:18:37
785.02,30.4,54.6,1.0,0,32.49,32.52,nan,NORMAL,1,0,0,32.05,17:18:38
786.02,30.4,54.6,1.0,0,32.49,32.52,0.0,NORMAL,1,1,0,32.08,17:18:39
787.02,30.4,54.6,1.0,0,32.49,32.52,nan,NORMAL,1,0,0,32.1,17:18:40
788.02,30.4,54.6,1.0,0,32.49,32.52,0.0,NORMAL,1,1,0,32.11,17:18:41
789.02,30.4,54.6,1.0,0,32.49,32.52,nan,NORMAL,1,0,0,32.13,17:18:42
790.02,30.4,54.6,1.0,0,32.49,32.49,0.0,NORMAL,1,1,0,32.08,17:18:43
791.02,30.4,54.6,1.0,0,32.49,32.49,nan,NORMAL,1,0,0,32.08,17:18:44
792.02,30.4,54.6,1.0,0,32.49,32.49,0.0,NORMAL,1,1,0,32.07,17:18:45
793.02,30.4,54.6,1.0,0,32.49,32.49,nan,NORMAL,1,0,0,32.1,17:18:46
794.02,30.4,54.6,1.0,0,32.49,32.49,0.0,NORMAL,1,1,0,32.14,17:18:47
795.02,30.4,54.6,1.0,0,32.49,32.49,nan,NORMAL,1,0,0,32.06,17:18:48
796.02,30.4,54.6,1.0,0,32.49,32.49,0.0,NORMAL,1,1,0,32.08,17:18:49
797.02,30.4,54.6,1.0,0,32.49,32.49,nan,NORMAL,1,0,0,32.14,17:18:50
798.02,30.4,54.6,1.0,0,32.49,32.49,0.0,NORMAL,1,1,0,32.12,17:18:51
799.02,30.4,54.6,1.0,0,32.49,32.49,nan,NORMAL,1,0,0,32.08,17:18:52
800.02,30.4,54.6,1.0,0,32.49,32.49,0.0,NORMAL,1,1,0,32.09,17:18:53
801.02,30.4,54.6,1.0,0,32.49,32.49,nan,NORMAL,1,0,0,32.09,17:18:54
802.02,30.4,54.6,1.0,0,32.49,32.49,0.0,NORMAL,1,1,0,32.08,17:18:55
803.02,30.4,54.6,1.0,1,32.49,32.49,nan,MOTION,1,0,1,32.12,17:18:56
804.02,30.4,54.6,1.0,0,32.49,32.49,0.0,NORMAL,1,1,0,32.21,17:18:57
805.02,30.4,54.6,1.0,0,32.49,32.49,nan,NORMAL,1,0,0,32.16,17:18:58
806.02,30.4,54.5,1.0,0,32.49,32.49,0.0,NORMAL,1,1,0,32.22,17:18:59
807.02,30.4,54.5,1.0,0,32.49,32.49,nan,NORMAL,1,0,0,32.19,17:19:00
808.02,30.4,54.5,1.0,0,32.49,32.49,0.0,NORMAL,1,1,0,32.21,17:19:01
809.02,30.4,54.5,1.0,0,32.49,32.49,nan,NORMAL,1,0,0,32.25,17:19:02
810.02,30.4,54.6,1.0,0,32.49,32.49,0.0,NORMAL,1,1,0,32.2,17:19:03
811.02,30.4,54.6,1.0,0,32.49,32.49,nan,NORMAL,1,0,0,32.19,17:19:04
812.02,30.4,54.6,1.0,0,32.49,32.49,0.0,NORMAL,1,1,0,32.2,17:19:05
813.02,30.4,54.6,1.0,0,32.49,32.49,nan,NORMAL,1,0,0,32.22,17:19:06
814.02,30.4,54.6,1.0,0,32.49,32.49,0.0,NORMAL,1,1,0,32.19,17:19:07
815.02,30.4,54.6,1.0,0,32.49,32.49,nan,NORMAL,1,0,0,32.24,17:19:08
816.02,30.4,54.6,1.0,0,32.49,32.49,0.0,NORMAL,1,1,0,32.17,17:19:09
817.02,30.4,54.6,1.0,0,32.49,32.49,nan,NORMAL,1,0,0,32.25,17:19:10
818.02,30.4,54.6,1.0,0,32.49,32.49,0.0,NORMAL,1,1,0,32.22,17:19:11
819.02,30.4,54.6,1.0,0,32.49,32.49,nan,NORMAL,1,0,0,32.18,17:19:12
820.02,30.4,54.6,1.0,0,32.49,32.49,0.0,NORMAL,1,1,0,32.23,17:19:13
821.02,30.4,54.6,1.0,0,32.49,32.49,nan,NORMAL,1,0,0,32.29,17:19:14
822.02,30.4,54.6,1.0,0,32.49,32.49,0.0,NORMAL,1,1,0,32.25,17:19:15
823.02,30.4,54.6,1.0,0,32.49,32.49,nan,NORMAL,1,0,0,32.18,17:19:16
824.02,30.4,54.6,1.0,0,32.49,32.49,0.0,NORMAL,1,1,0,32.2,17:19:17
825.02,30.4,54.6,1.0,0,32.49,32.49,nan,NORMAL,1,0,0,32.23,17:19:18
826.02,30.4,54.6,1.0,0,32.49,32.49,0.0,NORMAL,1,1,0,32.29,17:19:19
827.02,30.4,54.6,1.0,0,32.49,32.49,nan,NORMAL,1,0,0,32.21,17:19:20
828.02,30.4,54.6,1.0,0,32.49,32.49,0.0,NORMAL,1,1,0,32.19,17:19:21
829.02,30.4,54.6,1.0,0,32.49,32.49,nan,NORMAL,1,0,0,32.25,17:19:22
830.02,30.5,54.6,1.0,0,32.61,32.52,0.11,NORMAL,1,1,0,32.23,17:19:23
831.02,30.5,54.6,1.0,0,32.61,32.52,nan,NORMAL,1,0,0,32.24,17:19:24
832.02,30.4,54.6,1.0,0,32.49,32.52,-0.11,NORMAL,1,1,0,32.23,17:19:25
833.02,30.4,54.6,1.0,0,32.49,32.52,nan,NORMAL,1,0,0,32.21,17:19:26
834.02,30.4,54.6,1.0,0,32.49,32.52,0.0,NORMAL,1,1,0,32.2,17:19:27
835.02,30.4,54.6,1.0,0,32.49,32.52,nan,NORMAL,1,0,0,32.17,17:19:28
836.02,30.4,54.6,1.0,0,32.49,32.52,0.0,NORMAL,1,1,0,32.18,17:19:29
837.02,30.4,54.6,1.0,0,32.49,32.52,nan,NORMAL,1,0,0,32.28,17:19:30
838.02,30.4,54.6,1.0,0,32.49,32.52,0.0,NORMAL,1,1,0,32.07,17:19:31
839.02,30.4,54.6,1.0,0,32.49,32.52,nan,NORMAL,1,0,0,32.18,17:19:32
840.02,30.4,54.6,1.0,0,32.49,32.49,0.0,NORMAL,1,1,0,32.2,17:19:33
841.02,30.4,54.6,1.0,0,32.49,32.49,nan,NORMAL,1,0,0,32.18,17:19:34
842.02,30.4,54.6,1.0,0,32.49,32.49,0.0,NORMAL,1,1,0,32.23,17:19:35
843.02,30.4,54.6,1.0,0,32.49,32.49,nan,NORMAL,1,0,0,32.19,17:19:36
844.02,30.4,54.6,1.0,0,32.49,32.49,0.0,NORMAL,1,1,0,32.16,17:19:37
845.02,30.4,54.6,1.0,0,32.49,32.49,nan,NORMAL,1,0,0,32.28,17:19:38
846.02,30.4,54.6,1.0,0,32.49,32.49,0.0,NORMAL,1,1,0,32.19,17:19:39
847.02,30.4,54.6,1.0,0,32.49,32.49,nan,NORMAL,1,0,0,32.0,17:19:40
848.02,30.4,54.6,1.0,0,32.49,32.49,0.0,NORMAL,1,1,0,32.16,17:19:41
849.02,30.4,54.6,1.0,0,32.49,32.49,nan,NORMAL,1,0,0,32.23,17:19:42
850.02,30.4,54.6,1.0,1,32.49,32.49,0.0,MOTION,1,1,1,32.18,17:19:43
851.02,30.4,54.6,1.0,0,32.49,32.49,nan,NORMAL,1,0,0,32.29,17:19:44
852.02,30.4,54.6,1.0,0,32.49,32.49,0.0,NORMAL,1,1,0,32.27,17:19:45
853.02,30.4,54.6,1.0,0,32.49,32.49,nan,NORMAL,1,0,0,32.22,17:19:46
854.02,30.4,54.5,1.0,0,32.49,32.49,0.0,NORMAL,1,1,0,32.18,17:19:47
855.02,30.4,54.5,1.0,0,32.49,32.49,nan,NORMAL,1,0,0,32.17,17:19:48
856.02,30.4,54.5,1.0,0,32.49,32.49,0.0,NORMAL,1,1,0,32.24,17:19:49
857.02,30.4,54.5,1.0,0,32.49,32.49,nan,NORMAL,1,0,0,32.27,17:19:50
858.02,30.4,54.5,1.0,0,32.49,32.49,0.0,NORMAL,1,1,0,32.19,17:19:51
859.02,30.4,54.5,1.0,1,32.49,32.49,nan,MOTION,1,0,1,32.26,17:19:52
860.02,30.4,54.6,1.0,1,32.49,32.49,0.0,MOTION,1,1,0,32.48,17:19:53
861.02,30.4,54.6,1.0,0,32.49,32.49,nan,NORMAL,1,0,0,32.41,17:19:54
862.02,30.4,54.5,1.0,0,32.49,32.49,0.0,NORMAL,1,1,0,32.27,17:19:55
863.02,30.4,54.5,1.0,1,32.49,32.49,nan,MOTION,1,0,1,32.22,17:19:56
864.02,30.4,54.5,1.0,1,32.49,32.49,0.0,MOTION,1,1,0,32.37,17:19:57
865.02,30.4,54.5,1.0,0,32.49,32.49,nan,NORMAL,1,0,0,32.33,17:19:58
866.02,30.4,54.5,1.0,1,32.49,32.49,0.0,MOTION,1,1,1,32.18,17:19:59
867.02,30.4,54.5,1.0,0,32.49,32.49,nan,NORMAL,1,0,0,32.54,17:20:00
868.02,30.4,54.5,1.0,0,32.49,32.49,0.0,NORMAL,1,1,0,32.39,17:20:01
869.02,30.4,54.5,1.0,0,32.49,32.49,nan,NORMAL,1,0,0,32.41,17:20:02
870.02,30.4,54.5,1.0,1,32.49,32.49,0.0,MOTION,1,1,1,32.15,17:20:03
871.02,30.4,54.5,1.0,0,32.49,32.49,nan,NORMAL,1,0,0,32.55,17:20:04
872.02,30.4,54.5,1.0,0,32.49,32.49,0.0,NORMAL,1,1,0,32.0,17:20:05
873.02,30.4,54.5,1.0,0,32.49,32.49,nan,NORMAL,1,0,0,32.17,17:20:06
874.02,30.4,54.5,1.0,0,32.49,32.49,0.0,NORMAL,1,1,0,32.09,17:20:07
875.02,30.4,54.5,1.0,0,32.49,32.49,nan,NORMAL,1,0,0,32.3,17:20:08
876.02,30.4,54.5,1.0,0,32.49,32.49,0.0,NORMAL,1,1,0,32.33,17:20:09
877.02,30.4,54.5,1.0,0,32.49,32.49,nan,NORMAL,1,0,0,32.41,17:20:10
878.02,30.4,54.5,1.0,0,32.49,32.49,0.0,NORMAL,1,1,0,32.28,17:20:11
879.02,30.4,54.5,1.0,0,32.49,32.49,nan,NORMAL,1,0,0,32.11,17:20:12
880.02,30.4,54.5,1.0,0,32.49,32.49,0.0,NORMAL,1,1,0,32.06,17:20:13
881.02,30.4,54.5,1.0,0,32.49,32.49,nan,NORMAL,1,0,0,32.18,17:20:14
882.02,30.4,54.5,1.0,0,32.49,32.49,0.0,NORMAL,1,1,0,32.26,17:20:15
883.02,30.4,54.5,1.0,0,32.49,32.49,nan,NORMAL,1,0,0,32.24,17:20:16
884.02,30.4,54.5,1.0,0,32.49,32.49,0.0,NORMAL,1,1,0,32.22,17:20:17
885.02,30.4,54.5,1.0,0,32.49,32.49,nan,NORMAL,1,0,0,32.35,17:20:18
886.02,30.4,54.5,1.0,0,32.49,32.49,0.0,NORMAL,1,1,0,32.21,17:20:19
887.02,30.4,54.5,1.0,0,32.49,32.49,nan,NORMAL,1,0,0,32.11,17:20:20
888.02,30.4,54.5,1.0,0,32.49,32.49,0.0,NORMAL,1,1,0,32.19,17:20:21
889.02,30.4,54.5,1.0,0,32.49,32.49,nan,NORMAL,1,0,0,31.98,17:20:22
890.02,30.4,54.5,1.0,0,32.49,32.49,0.0,NORMAL,1,1,0,32.18,17:20:23
891.02,30.4,54.5,1.0,0,32.49,32.49,nan,NORMAL,1,0,0,32.32,17:20:24
892.02,30.4,54.5,1.0,0,32.49,32.49,0.0,NORMAL,1,1,0,32.36,17:20:25
893.02,30.4,54.5,1.0,0,32.49,32.49,nan,NORMAL,1,0,0,32.26,17:20:26
894.02,30.4,54.5,1.0,1,32.49,32.49,0.0,MOTION,1,1,1,32.3,17:20:27
895.02,30.4,54.5,1.0,1,32.49,32.49,nan,MOTION,1,0,0,32.78,17:20:28
896.02,30.4,54.5,1.0,0,32.49,32.49,0.0,NORMAL,1,1,0,31.98,17:20:29
897.02,30.4,54.5,1.0,0,32.49,32.49,nan,NORMAL,1,0,0,32.08,17:20:30
898.02,30.4,54.5,1.0,0,32.49,32.49,0.0,NORMAL,1,1,0,32.27,17:20:31
899.02,30.4,54.5,1.0,0,32.49,32.49,nan,NORMAL,1,0,0,32.19,17:20:32
900.02,30.4,54.5,1.0,0,32.49,32.49,0.0,NORMAL,1,1,0,32.32,17:20:33
901.02,30.4,54.5,1.0,0,32.49,32.49,nan,NORMAL,1,0,0,32.43,17:20:34
902.02,30.4,54.5,1.0,0,32.49,32.49,0.0,NORMAL,1,1,0,32.23,17:20:35
903.02,30.4,54.5,1.0,0,32.49,32.49,nan,NORMAL,1,0,0,32.24,17:20:36
904.02,30.4,54.4,1.0,0,32.49,32.49,0.0,NORMAL,1,1,0,32.22,17:20:37
905.02,30.4,54.4,1.0,0,32.49,32.49,nan,NORMAL,1,0,0,32.15,17:20:38
906.02,30.4,54.5,1.0,0,32.49,32.49,0.0,NORMAL,1,1,0,32.24,17:20:39
907.02,30.4,54.5,1.0,0,32.49,32.49,nan,NORMAL,1,0,0,32.08,17:20:40
908.02,30.4,54.5,1.0,0,32.49,32.49,0.0,NORMAL,1,1,0,32.17,17:20:41
909.02,30.4,54.5,1.0,0,32.49,32.49,nan,NORMAL,1,0,0,32.17,17:20:42
910.02,30.4,54.5,1.0,0,32.49,32.49,0.0,NORMAL,1,1,0,32.49,17:20:43
911.02,30.4,54.5,1.0,0,32.49,32.49,nan,NORMAL,1,0,0,32.07,17:20:44
912.02,30.4,54.5,1.0,0,32.49,32.49,0.0,NORMAL,1,1,0,32.21,17:20:45
913.02,30.4,54.5,1.0,0,32.49,32.49,nan,NORMAL,1,0,0,32.2,17:20:46
914.02,30.4,54.5,1.0,0,32.49,32.49,0.0,NORMAL,1,1,0,32.17,17:20:47
915.02,30.4,54.5,1.0,0,32.49,32.49,nan,NORMAL,1,0,0,32.19,17:20:48
916.02,30.4,54.5,1.0,0,32.49,32.49,0.0,NORMAL,1,1,0,32.3,17:20:49
917.02,30.4,54.5,1.0,0,32.49,32.49,nan,NORMAL,1,0,0,32.19,17:20:50
918.02,30.4,54.4,1.0,0,32.49,32.49,0.0,NORMAL,1,1,0,32.38,17:20:51
919.02,30.4,54.4,1.0,0,32.49,32.49,nan,NORMAL,1,0,0,32.24,17:20:52
920.02,30.4,54.4,1.0,0,32.49,32.49,0.0,NORMAL,1,1,0,32.32,17:20:53
921.02,30.4,54.4,1.0,0,32.49,32.49,nan,NORMAL,1,0,0,32.21,17:20:54
922.02,30.4,54.4,1.0,0,32.49,32.49,0.0,NORMAL,1,1,0,32.24,17:20:55
923.02,30.4,54.4,1.0,0,32.49,32.49,nan,NORMAL,1,0,0,32.22,17:20:56
924.02,30.4,54.4,1.0,0,32.49,32.49,0.0,NORMAL,1,1,0,32.32,17:20:57
925.02,30.4,54.4,1.0,0,32.49,32.49,nan,NORMAL,1,0,0,32.2,17:20:58
926.02,30.4,54.4,1.0,0,32.49,32.49,0.0,NORMAL,1,1,0,32.18,17:20:59
927.02,30.4,54.4,1.0,0,32.49,32.49,nan,NORMAL,1,0,0,32.14,17:21:00
928.02,30.4,54.4,1.0,0,32.49,32.49,0.0,NORMAL,1,1,0,32.24,17:21:01
929.02,30.4,54.4,1.0,0,32.49,32.49,nan,NORMAL,1,0,0,32.29,17:21:02
930.02,30.4,54.4,1.0,0,32.49,32.49,0.0,NORMAL,1,1,0,32.21,17:21:03
931.02,30.4,54.4,1.0,0,32.49,32.49,nan,NORMAL,1,0,0,32.22,17:21:04
932.02,30.4,54.4,1.0,0,32.49,32.49,0.0,NORMAL,1,1,0,32.06,17:21:05
933.02,30.4,54.4,1.0,0,32.49,32.49,nan,NORMAL,1,0,0,32.13,17:21:06
934.02,30.4,54.3,1.0,0,32.49,32.49,0.0,NORMAL,1,1,0,32.09,17:21:07
935.02,30.4,54.3,1.0,0,32.49,32.49,nan,NORMAL,1,0,0,32.23,17:21:08
936.02,30.4,54.3,1.0,0,32.49,32.49,0.0,NORMAL,1,1,0,32.18,17:21:09
937.02,30.4,54.3,1.0,0,32.49,32.49,nan,NORMAL,1,0,0,32.19,17:21:10
938.02,30.4,54.2,1.0,0,32.49,32.49,0.0,NORMAL,1,1,0,32.17,17:21:11
939.02,30.4,54.2,1.0,1,32.49,32.49,nan,MOTION,1,0,1,32.22,17:21:12
940.02,30.4,54.2,1.0,0,32.49,32.49,0.0,NORMAL,1,1,0,32.44,17:21:13
941.02,30.4,54.2,1.0,0,32.49,32.49,nan,NORMAL,1,0,0,32.2,17:21:14
942.02,30.4,54.2,1.0,0,32.49,32.49,0.0,NORMAL,1,1,0,32.23,17:21:15
943.02,30.4,54.2,1.0,0,32.49,32.49,nan,NORMAL,1,0,0,32.19,17:21:16
944.02,30.4,54.1,1.0,0,32.49,32.49,0.0,NORMAL,1,1,0,32.2,17:21:17
945.02,30.4,54.1,1.0,0,32.49,32.49,nan,NORMAL,1,0,0,32.2,17:21:18
946.02,30.4,54.1,1.0,0,32.49,32.49,0.0,NORMAL,1,1,0,32.26,17:21:19
947.02,30.4,54.1,1.0,0,32.49,32.49,nan,NORMAL,1,0,0,32.05,17:21:20
948.02,30.4,54.1,1.0,0,32.49,32.49,0.0,NORMAL,1,1,0,32.15,17:21:21
949.02,30.4,54.1,1.0,0,32.49,32.49,nan,NORMAL,1,0,0,32.15,17:21:22
950.02,30.4,54.1,1.0,0,32.49,32.49,0.0,NORMAL,1,1,0,32.21,17:21:23
951.02,30.4,54.1,1.0,0,32.49,32.49,nan,NORMAL,1,0,0,32.18,17:21:24
952.02,30.4,54.0,1.0,0,32.49,32.49,0.0,NORMAL,1,1,0,31.94,17:21:25
953.02,30.4,54.0,1.0,0,32.49,32.49,nan,NORMAL,1,0,0,32.21,17:21:26
954.02,30.4,54.1,1.0,1,32.49,32.49,0.0,MOTION,1,1,1,32.17,17:21:27
955.02,30.4,54.1,1.0,0,32.49,32.49,nan,NORMAL,1,0,0,32.34,17:21:28
956.02,30.4,54.1,1.0,0,32.49,32.49,0.0,NORMAL,1,1,0,32.14,17:21:29
957.02,30.4,54.1,1.0,0,32.49,32.49,nan,NORMAL,1,0,0,32.07,17:21:30
958.02,30.4,54.1,1.0,0,32.49,32.49,0.0,NORMAL,1,1,0,31.93,17:21:31
959.02,30.4,54.1,1.0,0,32.49,32.49,nan,NORMAL,1,0,0,32.16,17:21:32
960.02,30.4,54.1,1.0,0,32.49,32.49,0.0,NORMAL,1,1,0,32.18,17:21:33
961.02,30.4,54.1,1.0,0,32.49,32.49,nan,NORMAL,1,0,0,32.21,17:21:34
962.02,30.4,54.1,1.0,0,32.49,32.49,0.0,NORMAL,1,1,0,32.01,17:21:35
963.02,30.4,54.1,1.0,0,32.49,32.49,nan,NORMAL,1,0,0,32.19,17:21:36
964.02,30.4,54.1,1.0,0,32.49,32.49,0.0,NORMAL,1,1,0,32.2,17:21:37
965.02,30.4,54.1,1.0,0,32.49,32.49,nan,NORMAL,1,0,0,32.22,17:21:38
966.02,30.4,54.1,1.0,0,32.49,32.49,0.0,NORMAL,1,1,0,32.22,17:21:39
967.02,30.4,54.1,1.0,0,32.49,32.49,nan,NORMAL,1,0,0,32.18,17:21:40
968.02,30.4,54.1,1.0,0,32.49,32.49,0.0,NORMAL,1,1,0,32.22,17:21:41
969.02,30.4,54.1,1.0,0,32.49,32.49,nan,NORMAL,1,0,0,32.19,17:21:42
970.02,30.4,54.0,1.0,0,32.49,32.49,0.0,NORMAL,1,1,0,32.13,17:21:43
971.02,30.4,54.0,1.0,0,32.49,32.49,nan,NORMAL,1,0,0,32.27,17:21:44
972.02,30.4,54.0,1.0,0,32.49,32.49,0.0,NORMAL,1,1,0,32.16,17:21:45
973.02,30.4,54.0,1.0,0,32.49,32.49,nan,NORMAL,1,0,0,32.22,17:21:46
974.02,30.4,54.0,1.0,0,32.49,32.49,0.0,NORMAL,1,1,0,32.16,17:21:47
975.02,30.4,54.0,1.0,0,32.49,32.49,nan,NORMAL,1,0,0,32.09,17:21:48
976.02,30.4,54.0,1.0,0,32.49,32.49,0.0,NORMAL,1,1,0,32.21,17:21:49
977.02,30.4,54.0,1.0,0,32.49,32.49,nan,NORMAL,1,0,0,32.16,17:21:50
978.02,30.4,54.0,1.0,0,32.49,32.49,0.0,NORMAL,1,1,0,32.14,17:21:51
979.02,30.4,54.0,1.0,0,32.49,32.49,nan,NORMAL,1,0,0,32.16,17:21:52
980.02,30.4,54.0,1.0,0,32.49,32.49,0.0,NORMAL,1,1,0,32.21,17:21:53
981.02,30.4,54.0,1.0,0,32.49,32.49,nan,NORMAL,1,0,0,32.2,17:21:54
982.02,30.4,53.9,1.0,0,32.49,32.49,0.0,NORMAL,1,1,0,32.38,17:21:55
983.02,30.4,53.9,1.0,0,32.49,32.49,nan,NORMAL,1,0,0,32.37,17:21:56
984.02,30.4,53.9,1.0,0,32.49,32.49,0.0,NORMAL,1,1,0,32.18,17:21:57
985.02,30.4,53.9,1.0,0,32.49,32.49,nan,NORMAL,1,0,0,32.13,17:21:58
986.02,30.4,53.9,1.0,0,32.49,32.49,0.0,NORMAL,1,1,0,32.18,17:21:59
987.02,30.4,53.9,1.0,0,32.49,32.49,nan,NORMAL,1,0,0,32.11,17:22:00
988.02,30.4,53.9,1.0,0,32.49,32.49,0.0,NORMAL,1,1,0,32.21,17:22:01
989.02,30.4,53.9,1.0,0,32.49,32.49,nan,NORMAL,1,0,0,32.07,17:22:02
990.02,30.4,53.9,1.0,0,32.49,32.49,0.0,NORMAL,1,1,0,32.17,17:22:03
991.02,30.4,53.9,1.0,0,32.49,32.49,nan,NORMAL,1,0,0,32.15,17:22:04
992.02,30.4,53.9,1.0,0,32.49,32.49,0.0,NORMAL,1,1,0,32.04,17:22:05
993.02,30.4,53.9,1.0,1,32.49,32.49,nan,MOTION,1,0,1,32.23,17:22:06
994.02,30.4,53.9,1.0,1,32.49,32.49,0.0,MOTION,1,1,0,32.33,17:22:07
995.02,30.4,53.9,1.0,0,32.49,32.49,nan,NORMAL,1,0,0,32.1,17:22:08
996.02,30.4,53.9,1.0,0,32.49,32.49,0.0,NORMAL,1,1,0,32.08,17:22:09
997.02,30.4,53.9,1.0,0,32.49,32.49,nan,NORMAL,1,0,0,32.15,17:22:10
998.02,30.4,53.8,1.0,0,32.49,32.49,0.0,NORMAL,1,1,0,31.86,17:22:11
999.02,30.4,53.8,1.0,0,32.49,32.49,nan,NORMAL,1,0,0,32.19,17:22:12
1000.02,30.4,53.8,1.0,1,32.49,32.49,0.0,MOTION,1,1,1,32.21,17:22:13
1001.02,30.4,53.8,1.0,0,32.49,32.49,nan,NORMAL,1,0,0,32.2,17:22:14
1002.02,30.3,53.8,1.0,0,32.38,32.47,-0.11,NORMAL,1,1,0,32.28,17:22:15
1003.02,30.3,53.8,1.0,0,32.38,32.47,nan,NORMAL,1,0,0,32.15,17:22:16
1004.02,30.3,53.8,1.0,0,32.38,32.45,0.0,NORMAL,1,1,0,32.3,17:22:17
1005.02,30.3,53.8,1.0,0,32.38,32.45,nan,NORMAL,1,0,0,32.12,17:22:18
1006.02,30.3,53.7,1.0,0,32.38,32.43,0.0,NORMAL,1,1,0,32.27,17:22:19
1007.02,30.3,53.7,1.0,0,32.38,32.43,nan,NORMAL,1,0,0,32.31,17:22:20
1008.02,30.3,53.7,1.0,0,32.38,32.41,0.0,NORMAL,1,1,0,32.13,17:22:21
1009.02,30.3,53.7,1.0,0,32.38,32.41,nan,NORMAL,1,0,0,32.14,17:22:22
1010.02,30.3,53.7,1.0,0,32.38,32.38,0.0,NORMAL,1,1,0,32.2,17:22:23
1011.02,30.3,53.7,1.0,0,32.38,32.38,nan,NORMAL,1,0,0,32.17,17:22:24
1012.02,30.3,53.7,1.0,0,32.38,32.38,0.0,NORMAL,1,1,0,32.44,17:22:25
1013.02,30.3,53.7,1.0,0,32.38,32.38,nan,NORMAL,1,0,0,32.17,17:22:26
1014.02,30.3,53.7,1.0,0,32.38,32.38,0.0,NORMAL,1,1,0,32.17,17:22:27
1015.02,30.3,53.7,1.0,0,32.38,32.38,nan,NORMAL,1,0,0,32.45,17:22:28
1016.02,30.3,53.6,1.0,0,32.38,32.38,0.0,NORMAL,1,1,0,32.1,17:22:29
1017.02,30.3,53.6,1.0,0,32.38,32.38,nan,NORMAL,1,0,0,32.27,17:22:30
1018.02,30.3,53.6,1.0,0,32.38,32.38,0.0,NORMAL,1,1,0,32.15,17:22:31
1019.02,30.3,53.6,1.0,0,32.38,32.38,nan,NORMAL,1,0,0,32.17,17:22:32
1020.02,30.3,53.6,1.0,0,32.38,32.38,0.0,NORMAL,1,1,0,32.19,17:22:33
1021.02,30.3,53.6,1.0,0,32.38,32.38,nan,NORMAL,1,0,0,32.17,17:22:34
1022.02,30.3,53.6,1.0,0,32.38,32.38,0.0,NORMAL,1,1,0,32.08,17:22:35
1023.02,30.3,53.6,1.0,0,32.38,32.38,nan,NORMAL,1,0,0,32.22,17:22:36
1024.02,30.3,53.6,1.0,0,32.38,32.38,0.0,NORMAL,1,1,0,32.16,17:22:37
1025.02,30.3,53.6,1.0,0,32.38,32.38,nan,NORMAL,1,0,0,32.22,17:22:38
1026.02,30.4,53.5,1.0,0,32.49,32.41,0.11,NORMAL,1,1,0,32.15,17:22:39
1027.02,30.4,53.5,1.0,0,32.49,32.41,nan,NORMAL,1,0,0,32.16,17:22:40
1028.02,30.3,53.5,1.0,0,32.38,32.41,-0.11,NORMAL,1,1,0,32.44,17:22:41
1029.02,30.3,53.5,1.0,0,32.38,32.41,nan,NORMAL,1,0,0,32.17,17:22:42
1030.02,30.3,53.5,1.0,1,32.38,32.41,0.0,MOTION,1,1,1,32.17,17:22:43
1031.02,30.3,53.5,1.0,0,32.38,32.41,nan,NORMAL,1,0,0,32.29,17:22:44
1032.02,30.3,53.5,1.0,0,32.38,32.41,0.0,NORMAL,1,1,0,32.28,17:22:45
1033.02,30.3,53.5,1.0,0,32.38,32.41,nan,NORMAL,1,0,0,31.93,17:22:46
1034.02,30.3,53.5,1.0,0,32.38,32.41,0.0,NORMAL,1,1,0,32.13,17:22:47
1035.02,30.3,53.5,1.0,0,32.38,32.41,nan,NORMAL,1,0,0,32.41,17:22:48
1036.02,30.3,53.5,1.0,0,32.38,32.38,0.0,NORMAL,1,1,0,32.16,17:22:49
1037.02,30.3,53.5,1.0,0,32.38,32.38,nan,NORMAL,1,0,0,32.59,17:22:50
1038.02,30.3,53.5,1.0,0,32.38,32.38,0.0,NORMAL,1,1,0,32.19,17:22:51
1039.02,30.3,53.5,1.0,0,32.38,32.38,nan,NORMAL,1,0,0,32.12,17:22:52
1040.02,30.3,53.5,1.0,0,32.38,32.38,0.0,NORMAL,1,1,0,32.14,17:22:53
1041.02,30.3,53.5,1.0,0,32.38,32.38,nan,NORMAL,1,0,0,32.56,17:22:54
1042.02,30.3,53.6,1.0,0,32.38,32.38,0.0,NORMAL,1,1,0,32.18,17:22:55
1043.02,30.3,53.6,1.0,0,32.38,32.38,nan,NORMAL,1,0,0,32.14,17:22:56
1044.02,30.3,53.6,1.0,0,32.38,32.38,0.0,NORMAL,1,1,0,32.17,17:22:57
1045.02,30.3,53.6,1.0,0,32.38,32.38,nan,NORMAL,1,0,0,32.06,17:22:58
1046.02,30.3,53.6,1.0,0,32.38,32.38,0.0,NORMAL,1,1,0,32.06,17:22:59
1047.02,30.3,53.6,1.0,0,32.38,32.38,nan,NORMAL,1,0,0,32.18,17:23:00
1048.02,30.3,53.6,1.0,0,32.38,32.38,0.0,NORMAL,1,1,0,32.15,17:23:01
1049.02,30.3,53.6,1.0,0,32.38,32.38,nan,NORMAL,1,0,0,32.17,17:23:02
1050.02,30.4,53.6,1.0,0,32.49,32.41,0.11,NORMAL,1,1,0,32.06,17:23:03
1051.02,30.4,53.6,1.0,0,32.49,32.41,nan,NORMAL,1,0,0,32.17,17:23:04
1052.02,30.3,53.6,1.0,0,32.38,32.41,-0.11,NORMAL,1,1,0,32.2,17:23:05
1053.02,30.3,53.6,1.0,0,32.38,32.41,nan,NORMAL,1,0,0,32.19,17:23:06
1054.02,30.3,53.6,1.0,0,32.38,32.41,0.0,NORMAL,1,1,0,32.16,17:23:07
1055.02,30.3,53.6,1.0,0,32.38,32.41,nan,NORMAL,1,0,0,32.22,17:23:08
1056.02,30.3,53.6,1.0,0,32.38,32.41,0.0,NORMAL,1,1,0,32.15,17:23:09
1057.02,30.3,53.6,1.0,0,32.38,32.41,nan,NORMAL,1,0,0,32.17,17:23:10
1058.02,30.3,53.6,1.0,0,32.38,32.41,0.0,NORMAL,1,1,0,32.23,17:23:11
1059.02,30.3,53.6,1.0,0,32.38,32.41,nan,NORMAL,1,0,0,32.13,17:23:12
1060.02,30.3,53.6,1.0,0,32.38,32.38,0.0,NORMAL,1,1,0,32.2,17:23:13
1061.02,30.3,53.6,1.0,0,32.38,32.38,nan,NORMAL,1,0,0,32.56,17:23:14
1062.02,30.3,53.6,1.0,0,32.38,32.38,0.0,NORMAL,1,1,0,32.18,17:23:15
1063.02,30.3,53.6,1.0,0,32.38,32.38,nan,NORMAL,1,0,0,32.13,17:23:16
1064.02,30.3,53.6,1.0,0,32.38,32.38,0.0,NORMAL,1,1,0,32.34,17:23:17
1065.02,30.3,53.6,1.0,0,32.38,32.38,nan,NORMAL,1,0,0,32.21,17:23:18
1066.02,30.3,53.6,1.0,0,32.38,32.38,0.0,NORMAL,1,1,0,32.31,17:23:19
1067.02,30.3,53.6,1.0,0,32.38,32.38,nan,NORMAL,1,0,0,32.25,17:23:20
1068.02,30.3,53.6,1.0,0,32.38,32.38,0.0,NORMAL,1,1,0,32.22,17:23:21
1069.02,30.3,53.6,1.0,0,32.38,32.38,nan,NORMAL,1,0,0,32.23,17:23:22
1070.02,30.3,53.6,1.0,0,32.38,32.38,0.0,NORMAL,1,1,0,32.1,17:23:23
1071.02,30.3,53.6,1.0,0,32.38,32.38,nan,NORMAL,1,0,0,32.21,17:23:24
1072.02,30.3,53.6,1.0,0,32.38,32.38,0.0,NORMAL,1,1,0,32.17,17:23:25
1073.02,30.3,53.6,1.0,0,32.38,32.38,nan,NORMAL,1,0,0,32.11,17:23:26
1074.02,30.3,53.6,1.0,0,32.38,32.38,0.0,NORMAL,1,1,0,32.22,17:23:27
1075.02,30.3,53.6,1.0,0,32.38,32.38,nan,NORMAL,1,0,0,32.24,17:23:28
1076.02,30.3,53.6,1.0,0,32.38,32.38,0.0,NORMAL,1,1,0,32.23,17:23:29
1077.02,30.3,53.6,1.0,0,32.38,32.38,nan,NORMAL,1,0,0,32.09,17:23:30
1078.02,30.3,53.6,1.0,0,32.38,32.38,0.0,NORMAL,1,1,0,32.17,17:23:31
1079.02,30.3,53.6,1.0,0,32.38,32.38,nan,NORMAL,1,0,0,32.27,17:23:32
1080.02,30.3,53.6,1.0,0,32.38,32.38,0.0,NORMAL,1,1,0,32.15,17:23:33
1081.02,30.3,53.6,1.0,0,32.38,32.38,nan,NORMAL,1,0,0,32.01,17:23:34
1082.02,30.3,53.6,1.0,0,32.38,32.38,0.0,NORMAL,1,1,0,32.21,17:23:35
1083.02,30.3,53.6,1.0,0,32.38,32.38,nan,NORMAL,1,0,0,32.22,17:23:36
1084.02,30.3,53.6,1.0,0,32.38,32.38,0.0,NORMAL,1,1,0,32.19,17:23:37
1085.02,30.3,53.6,1.0,0,32.38,32.38,nan,NORMAL,1,0,0,32.14,17:23:38
1086.02,30.3,53.6,1.0,0,32.38,32.38,0.0,NORMAL,1,1,0,32.13,17:23:39
1087.02,30.3,53.6,1.0,0,32.38,32.38,nan,NORMAL,1,0,0,32.38,17:23:40
1088.02,30.3,53.6,1.0,0,32.38,32.38,0.0,NORMAL,1,1,0,32.25,17:23:41
1089.02,30.3,53.6,1.0,0,32.38,32.38,nan,NORMAL,1,0,0,32.17,17:23:42
1090.02,30.3,53.6,1.0,0,32.38,32.38,0.0,NORMAL,1,1,0,32.08,17:23:43
1091.02,30.3,53.6,1.0,0,32.38,32.38,nan,NORMAL,1,0,0,32.25,17:23:44
1092.02,30.3,53.6,1.0,0,32.38,32.38,0.0,NORMAL,1,1,0,32.16,17:23:45
1093.02,30.3,53.6,1.0,0,32.38,32.38,nan,NORMAL,1,0,0,32.2,17:23:46
1094.02,30.3,53.6,1.0,0,32.38,32.38,0.0,NORMAL,1,1,0,32.06,17:23:47
1095.02,30.3,53.6,1.0,0,32.38,32.38,nan,NORMAL,1,0,0,32.11,17:23:48
1096.02,30.3,53.6,1.0,0,32.38,32.38,0.0,NORMAL,1,1,0,32.09,17:23:49
1097.02,30.3,53.6,1.0,0,32.38,32.38,nan,NORMAL,1,0,0,32.19,17:23:50
1098.02,30.3,53.6,1.0,0,32.38,32.38,0.0,NORMAL,1,1,0,32.09,17:23:51
1099.02,30.3,53.6,1.0,0,32.38,32.38,nan,NORMAL,1,0,0,32.2,17:23:52
1100.02,30.3,53.6,1.0,0,32.38,32.38,0.0,NORMAL,1,1,0,32.2,17:23:53
1101.02,30.3,53.6,1.0,0,32.38,32.38,nan,NORMAL,1,0,0,32.28,17:23:54
1102.02,30.3,53.6,1.0,0,32.38,32.38,0.0,NORMAL,1,1,0,32.3,17:23:55
1103.02,30.3,53.6,1.0,0,32.38,32.38,nan,NORMAL,1,0,0,32.26,17:23:56
1104.02,30.3,53.6,1.0,0,32.38,32.38,0.0,NORMAL,1,1,0,32.09,17:23:57
1105.02,30.3,53.6,1.0,0,32.38,32.38,nan,NORMAL,1,0,0,32.07,17:23:58
1106.02,30.3,53.6,1.0,0,32.38,32.38,0.0,NORMAL,1,1,0,32.17,17:23:59
1107.02,30.3,53.6,1.0,0,32.38,32.38,nan,NORMAL,1,0,0,32.16,17:24:00
1108.02,30.3,53.6,1.0,0,32.38,32.38,0.0,NORMAL,1,1,0,32.25,17:24:01
1109.02,30.3,53.6,1.0,0,32.38,32.38,nan,NORMAL,1,0,0,31.96,17:24:02
1110.02,30.3,53.6,1.0,0,32.38,32.38,0.0,NORMAL,1,1,0,32.19,17:24:03
1111.02,30.3,53.6,1.0,0,32.38,32.38,nan,NORMAL,1,0,0,32.28,17:24:04
1112.02,30.3,53.6,1.0,0,32.38,32.38,0.0,NORMAL,1,1,0,32.15,17:24:05
1113.02,30.3,53.6,1.0,0,32.38,32.38,nan,NORMAL,1,0,0,32.11,17:24:06
1114.02,30.3,53.6,1.0,0,32.38,32.38,0.0,NORMAL,1,1,0,32.17,17:24:07
1115.02,30.3,53.6,1.0,0,32.38,32.38,nan,NORMAL,1,0,0,32.33,17:24:08
1116.02,30.3,53.6,1.0,0,32.38,32.38,0.0,NORMAL,1,1,0,32.3,17:24:09
1117.02,30.3,53.6,1.0,0,32.38,32.38,nan,NORMAL,1,0,0,32.18,17:24:10
1118.02,30.3,53.6,1.0,0,32.38,32.38,0.0,NORMAL,1,1,0,32.21,17:24:11
1119.02,30.3,53.6,1.0,0,32.38,32.38,nan,NORMAL,1,0,0,32.15,17:24:12
1120.02,30.3,53.6,1.0,0,32.38,32.38,0.0,NORMAL,1,1,0,32.18,17:24:13
1121.02,30.3,53.6,1.0,0,32.38,32.38,nan,NORMAL,1,0,0,32.0,17:24:14
1122.02,30.3,53.6,1.0,0,32.38,32.38,0.0,NORMAL,1,1,0,32.21,17:24:15
1123.02,30.3,53.6,1.0,0,32.38,32.38,nan,NORMAL,1,0,0,32.2,17:24:16
1124.02,30.3,53.6,1.0,0,32.38,32.38,0.0,NORMAL,1,1,0,32.13,17:24:17
1125.02,30.3,53.6,1.0,0,32.38,32.38,nan,NORMAL,1,0,0,32.11,17:24:18
1126.02,30.3,53.6,1.0,0,32.38,32.38,0.0,NORMAL,1,1,0,32.14,17:24:19
1127.02,30.3,53.6,1.0,0,32.38,32.38,nan,NORMAL,1,0,0,32.09,17:24:20
1128.02,30.3,53.6,1.0,0,32.38,32.38,0.0,NORMAL,1,1,0,32.08,17:24:21
1129.02,30.3,53.6,1.0,0,32.38,32.38,nan,NORMAL,1,0,0,32.19,17:24:22
1130.02,30.3,53.6,1.0,0,32.38,32.38,0.0,NORMAL,1,1,0,32.18,17:24:23
1131.02,30.3,53.6,1.0,0,32.38,32.38,nan,NORMAL,1,0,0,32.17,17:24:24
1132.02,30.3,53.6,1.0,0,32.38,32.38,0.0,NORMAL,1,1,0,32.18,17:24:25
1133.02,30.3,53.6,1.0,0,32.38,32.38,nan,NORMAL,1,0,0,32.09,17:24:26
1134.02,30.3,53.6,1.0,0,32.38,32.38,0.0,NORMAL,1,1,0,32.23,17:24:27
1135.02,30.3,53.6,1.0,0,32.38,32.38,nan,NORMAL,1,0,0,32.19,17:24:28
1136.02,30.3,53.6,1.0,0,32.38,32.38,0.0,NORMAL,1,1,0,32.24,17:24:29
1137.02,30.3,53.6,1.0,0,32.38,32.38,nan,NORMAL,1,0,0,32.23,17:24:30
1138.02,30.3,53.6,1.0,0,32.38,32.38,0.0,NORMAL,1,1,0,32.16,17:24:31
1139.02,30.3,53.6,1.0,0,32.38,32.38,nan,NORMAL,1,0,0,32.18,17:24:32
1140.02,30.3,53.6,1.0,0,32.38,32.38,0.0,NORMAL,1,1,0,32.14,17:24:33
1141.02,30.3,53.6,1.0,0,32.38,32.38,nan,NORMAL,1,0,0,32.24,17:24:34
1142.02,30.3,53.6,1.0,0,32.38,32.38,0.0,NORMAL,1,1,0,32.28,17:24:35
1143.02,30.3,53.6,1.0,0,32.38,32.38,nan,NORMAL,1,0,0,32.21,17:24:36
1144.02,30.4,53.6,1.0,0,32.49,32.41,0.11,NORMAL,1,1,0,32.19,17:24:37
1145.02,30.4,53.6,1.0,0,32.49,32.41,nan,NORMAL,1,0,0,32.63,17:24:38
1146.02,30.4,53.6,1.0,0,32.49,32.43,0.0,NORMAL,1,1,0,32.22,17:24:39
1147.02,30.4,53.6,1.0,0,32.49,32.43,nan,NORMAL,1,0,0,32.16,17:24:40
1148.02,30.4,53.6,1.0,0,32.49,32.45,0.0,NORMAL,1,1,0,32.19,17:24:41
1149.02,30.4,53.6,1.0,0,32.49,32.45,nan,NORMAL,1,0,0,32.11,17:24:42
1150.02,30.4,53.6,1.0,0,32.49,32.47,0.0,NORMAL,1,1,0,32.08,17:24:43
1151.02,30.4,53.6,1.0,0,32.49,32.47,nan,NORMAL,1,0,0,32.42,17:24:44
1152.02,30.4,53.6,1.0,0,32.49,32.49,0.0,NORMAL,1,1,0,32.16,17:24:45
1153.02,30.4,53.6,1.0,0,32.49,32.49,nan,NORMAL,1,0,0,32.06,17:24:46
1154.02,30.4,53.6,1.0,0,32.49,32.49,0.0,NORMAL,1,1,0,32.18,17:24:47
1155.02,30.4,53.6,1.0,0,32.49,32.49,nan,NORMAL,1,0,0,32.25,17:24:48
1156.02,30.4,53.6,1.0,0,32.49,32.49,0.0,NORMAL,1,1,0,32.22,17:24:49
1157.02,30.4,53.6,1.0,0,32.49,32.49,nan,NORMAL,1,0,0,32.22,17:24:50
1158.02,30.4,53.6,1.0,0,32.49,32.49,0.0,NORMAL,1,1,0,32.32,17:24:51
1159.02,30.4,53.6,1.0,0,32.49,32.49,nan,NORMAL,1,0,0,32.36,17:24:52
1160.02,30.4,53.6,1.0,0,32.49,32.49,0.0,NORMAL,1,1,0,32.19,17:24:53
1161.02,30.4,53.6,1.0,0,32.49,32.49,nan,NORMAL,1,0,0,32.2,17:24:54
1162.02,30.4,53.6,1.0,0,32.49,32.49,0.0,NORMAL,1,1,0,32.14,17:24:55
1163.02,30.4,53.6,1.0,0,32.49,32.49,nan,NORMAL,1,0,0,32.21,17:24:56
1164.02,30.4,53.6,1.0,0,32.49,32.49,0.0,NORMAL,1,1,0,32.16,17:24:57
1165.02,30.4,53.6,1.0,0,32.49,32.49,nan,NORMAL,1,0,0,32.1,17:24:58
1166.02,30.4,53.6,1.0,0,32.49,32.49,0.0,NORMAL,1,1,0,32.2,17:24:59
1167.02,30.4,53.6,1.0,0,32.49,32.49,nan,NORMAL,1,0,0,32.05,17:25:00
1168.02,30.4,53.6,1.0,0,32.49,32.49,0.0,NORMAL,1,1,0,32.17,17:25:01
1169.02,30.4,53.6,1.0,0,32.49,32.49,nan,NORMAL,1,0,0,32.38,17:25:02
1170.02,30.4,53.6,1.0,0,32.49,32.49,0.0,NORMAL,1,1,0,32.21,17:25:03
1171.02,30.4,53.6,1.0,0,32.49,32.49,nan,NORMAL,1,0,0,32.17,17:25:04
1172.02,30.4,53.5,1.0,0,32.49,32.49,0.0,NORMAL,1,1,0,32.11,17:25:05
1173.02,30.4,53.5,1.0,0,32.49,32.49,nan,NORMAL,1,0,0,32.23,17:25:06
1174.02,30.4,53.5,1.0,0,32.49,32.49,0.0,NORMAL,1,1,0,32.21,17:25:07
1175.02,30.4,53.5,1.0,0,32.49,32.49,nan,NORMAL,1,0,0,32.22,17:25:08
1176.02,30.4,53.5,1.0,0,32.49,32.49,0.0,NORMAL,1,1,0,32.16,17:25:09
1177.02,30.4,53.5,1.0,0,32.49,32.49,nan,NORMAL,1,0,0,32.25,17:25:10
1178.02,30.4,53.5,1.0,0,32.49,32.49,0.0,NORMAL,1,1,0,32.15,17:25:11
1179.02,30.4,53.5,1.0,0,32.49,32.49,nan,NORMAL,1,0,0,32.38,17:25:12
1180.02,30.4,53.5,1.0,0,32.49,32.49,0.0,NORMAL,1,1,0,31.97,17:25:13
1181.02,30.4,53.5,1.0,0,32.49,32.49,nan,NORMAL,1,0,0,32.19,17:25:14
1182.02,30.4,53.5,1.0,0,32.49,32.49,0.0,NORMAL,1,1,0,32.19,17:25:15
1183.02,30.4,53.5,1.0,0,32.49,32.49,nan,NORMAL,1,0,0,32.3,17:25:16
1184.02,30.4,53.5,1.0,0,32.49,32.49,0.0,NORMAL,1,1,0,32.23,17:25:17
1185.02,30.4,53.5,1.0,0,32.49,32.49,nan,NORMAL,1,0,0,32.18,17:25:18
1186.02,30.4,53.5,1.0,0,32.49,32.49,0.0,NORMAL,1,1,0,32.22,17:25:19
1187.02,30.4,53.5,1.0,0,32.49,32.49,nan,NORMAL,1,0,0,32.15,17:25:20
1188.02,30.4,53.5,1.0,0,32.49,32.49,0.0,NORMAL,1,1,0,32.3,17:25:21
1189.02,30.4,53.5,1.0,0,32.49,32.49,nan,NORMAL,1,0,0,32.15,17:25:22
1190.02,30.4,53.5,1.0,0,32.49,32.49,0.0,NORMAL,1,1,0,32.11,17:25:23
1191.02,30.4,53.5,1.0,1,32.49,32.49,nan,MOTION,1,0,1,32.0,17:25:24
1192.02,30.4,53.5,1.0,0,32.49,32.49,0.0,NORMAL,1,1,0,32.24,17:25:25
1193.02,30.4,53.5,1.0,1,32.49,32.49,nan,MOTION,1,0,1,32.17,17:25:26
1194.02,30.4,53.5,1.0,0,32.49,32.49,0.0,NORMAL,1,1,0,32.42,17:25:27
1195.02,30.4,53.5,1.0,0,32.49,32.49,nan,NORMAL,1,0,0,32.17,17:25:28
1196.02,30.4,53.5,1.0,0,32.49,32.49,0.0,NORMAL,1,1,0,32.19,17:25:29
1197.02,30.4,53.5,1.0,1,32.49,32.49,nan,MOTION,1,0,1,32.18,17:25:30
1198.02,30.4,53.5,1.0,0,32.49,32.49,0.0,NORMAL,1,1,0,32.38,17:25:31
1199.02,30.4,53.5,1.0,0,32.49,32.49,nan,NORMAL,1,0,0,32.1,17:25:32
1200.02,30.4,53.7,1.0,1,32.49,32.49,0.0,MOTION,1,1,1,32.32,17:25:33
1201.02,30.4,53.7,1.0,1,32.49,32.49,nan,MOTION,1,0,0,32.56,17:25:34
1202.02,30.4,53.9,1.0,1,32.49,32.49,0.0,MOTION,1,1,0,32.32,17:25:35
1203.02,30.4,53.9,1.0,1,32.49,32.49,nan,MOTION,1,0,0,32.58,17:25:36
